番号,146
名前,스오우
呼び名,스오우

CSTR,0,아사기리
CSTR,1,스오우
CSTR,3,스오우
CSTR,4,스오우
CSTR,5,아사기리
CSTR,6,스오우
CSTR,7,스오우
CSTR,8,인간
CSTR,99,스오우

基礎,체력,2600
基礎,기력,2100
基礎,정신력,1900

素質,성별,1
素質,성장형,1
; 基礎,신장,1650 ;mm
; ADDITIONAL_CHARA_SETTING_HEIGHT 에서 설정
; 체격,-2 = 여(1100 ~ 1299) 남(1200 ~ 1399) 신장
; 체격,-1 = 여(1300 ~ 1499) 남(1400 ~ 1599)
; 체격,0  = 여(1500 ~ 1699) 남(1600 ~ 1799)
; 체격,1  = 여(1700 ~ 1799) 남(1800 ~ 1949)
; 체격,2  = 여(1800 ~ 1999) 남(1950 ~ 2149)
; 체격,3  =   (3000 ~ 3999)
素質,체격,0
素質,체형,0
素質,가슴크기,0
素質,엉덩이크기,0
素質,머리길이,3
素質,머리색,0xE3DCCD,; #e3dccd

素質,처녀,1
素質,애널처녀,1
素質,키스미경험,1
素質,음모현재치,0
素質,음모목표치,0
素質,겨드랑이털현재치,0
素質,겨드랑이털목표치,0
素質,Ｖ조임,950
素質,Ａ조임,950
素質,성적기호,4
素質,학생,1

素質,꿋꿋함,1
素質,프라이드높음,1
素質,고고함,1

能力,무투,68
能力,방위,64
能力,지략,68
能力,정치,62
能力,가창,14
能力,요리,36
能力,야심,50

能力,Ｃ감,0
能力,Ｂ감,0
能力,Ｖ감,0
能力,Ａ감,0
能力,Ｍ감,0

能力,욕망,0
能力,성지식,2
能力,성기술,0
能力,봉사,0
能力,노출,0
能力,새드,0
能力,마조,0
能力,주량,0

相性,2,20
相性,144,60
相性,146,60