番号,144
名前,히카리
呼び名,히카리

CSTR,0,타치바나
CSTR,1,히카리
CSTR,3,히카리
CSTR,4,히카리
CSTR,5,타치바나
CSTR,6,히카리
CSTR,7,히카리
CSTR,8,인간
CSTR,99,히카리

基礎,체력,2200
基礎,기력,2500
基礎,정신력,2700

素質,성별,1
素質,성장형,2
基礎,신장,1470 ;mm
; 체격,-2 = 여(1100 ~ 1299) 남(1200 ~ 1399) 신장
; 체격,-1 = 여(1300 ~ 1499) 남(1400 ~ 1599)
; 체격,0  = 여(1500 ~ 1699) 남(1600 ~ 1799)
; 체격,1  = 여(1700 ~ 1799) 남(1800 ~ 1949)
; 체격,2  = 여(1800 ~ 1999) 남(1950 ~ 2149)
; 체격,3  =   (3000 ~ 3999)
素質,체격,-1
素質,체형,-2
素質,가슴크기,-2
素質,엉덩이크기,-1
素質,머리길이,6
素質,머리색,0xEAFBC7,; #eafbc7

素質,처녀,1
素質,애널처녀,1
素質,키스미경험,1
素質,음모현재치,0
素質,음모목표치,0
素質,겨드랑이털현재치,0
素質,겨드랑이털목표치,0
素質,Ｖ조임,950
素質,Ａ조임,950
素質,성적기호,4
素質,학생,1

素質,솔직함,1
素質,낙관적,1
素質,농땡이마왕,1
素質,Ｍ민감,1
素質,유치,1

能力,무투,56
能力,방위,52
能力,지략,49
能力,정치,60
能力,가창,35
能力,요리,22
能力,야심,70

能力,Ｃ감,0
能力,Ｂ감,0
能力,Ｖ감,0
能力,Ａ감,0
能力,Ｍ감,1

能力,욕망,0
能力,성지식,1
能力,성기술,0
能力,봉사,0
能力,노출,0
能力,새드,0
能力,마조,0
能力,주량,0

相性,145,300
相性,146,10